{"cameraMode":{"drawMode":0,"name":"Shaded","section":"Shading Mode"},"sceneLighting":false,"audioPlay":false,"sceneViewState":{"m_AlwaysRefresh":false,"showFog":true,"showSkybox":false,"showFlares":true,"showImageEffects":true,"showParticleSystems":true,"showVisualEffectGraphs":true,"m_FxEnabled":true},"in2DMode":false,"pivot":{"x":-2.7608909606933595,"y":-0.1377546787261963,"z":9.745890617370606},"rotation":{"x":-0.003627742175012827,"y":-0.9963752031326294,"z":0.05835464596748352,"w":-0.061947230249643329},"size":2.9953765869140627,"orthographic":true}