{"cameraMode":{"drawMode":0,"name":"Shaded","section":"Shading Mode"},"sceneLighting":false,"audioPlay":false,"sceneViewState":{"m_AlwaysRefresh":false,"showFog":true,"showSkybox":false,"showFlares":true,"showImageEffects":true,"showParticleSystems":true,"showVisualEffectGraphs":true,"m_FxEnabled":true},"in2DMode":false,"pivot":{"x":-0.21013644337654115,"y":-0.3102654218673706,"z":-0.33810117840766909},"rotation":{"x":0.6612052917480469,"y":0.09258771687746048,"z":-0.08274924010038376,"w":0.7398730516433716},"size":0.6224867105484009,"orthographic":false}