{"cameraMode":{"drawMode":0,"name":"Shaded","section":"Shading Mode"},"sceneLighting":true,"audioPlay":false,"sceneViewState":{"m_AlwaysRefresh":false,"showFog":true,"showSkybox":true,"showFlares":true,"showImageEffects":true,"showParticleSystems":true,"showVisualEffectGraphs":true,"m_FxEnabled":true},"in2DMode":false,"pivot":{"x":-5.084734916687012,"y":1.0485007762908936,"z":6.717301845550537},"rotation":{"x":0.3853627145290375,"y":0.05393168330192566,"z":-0.022570960223674775,"w":0.9209302663803101},"size":4.743442058563232,"orthographic":false}