{"cameraMode":{"drawMode":0,"name":"Shaded","section":"Shading Mode"},"sceneLighting":true,"audioPlay":false,"sceneViewState":{"m_AlwaysRefresh":false,"showFog":true,"showSkybox":true,"showFlares":true,"showImageEffects":true,"showParticleSystems":true,"showVisualEffectGraphs":true,"m_FxEnabled":true},"in2DMode":false,"pivot":{"x":-5.854557037353516,"y":1.5334467887878419,"z":8.482401847839356},"rotation":{"x":-0.26842477917671206,"y":0.019660141319036485,"z":-0.005481790751218796,"w":-0.9631043672561646},"size":8.04431438446045,"orthographic":false}