{"cameraMode":{"drawMode":0,"name":"Shaded","section":"Shading Mode"},"sceneLighting":true,"audioPlay":false,"sceneViewState":{"m_AlwaysRefresh":false,"showFog":true,"showSkybox":true,"showFlares":true,"showImageEffects":true,"showParticleSystems":true,"showVisualEffectGraphs":true,"m_FxEnabled":true},"in2DMode":false,"pivot":{"x":-2.7047696113586427,"y":-18.897808074951173,"z":67.4772720336914},"rotation":{"x":-0.2102157026529312,"y":-0.013776978477835656,"z":0.0029439558275043966,"w":-0.9775858521461487},"size":35.49591827392578,"orthographic":false}